AKROUCHI;Souhaïb;AS12345;0415223648;053248125;Straat;2;/;8511;Aalbeke;België;98.10.19-333.61;alister.adutwum.y1427@student.hogent.be;ouders.souhaïb@telenet.be;1989;12;26;2015;6;1
ASSELBERG;Marc;AM12345;0415223648;053248125;Straat;3;/;9300;Aalst;België;98.10.19-333.61;alister.adutwum.y1427@student.hogent.be;ouders.marc@telenet.be;1991;6;26;2015;7;1
BAELE;Sander;BS12345;0415223648;053248125;Straat;4;/;3800;Aalst ;België;98.10.19-333.61;alister.adutwum.y1427@student.hogent.be;ouders.sander@telenet.be;1975;2;16;2014;2;4
BAETENS;Mathias;BM12345;0415223648;053248125;Straat;5;/;9880;Aalter;België;98.10.19-333.61;alister.adutwum.y1427@student.hogent.be;ouders.mathias@telenet.be;2008;5;24;2013;9;28
BAEYENS;Simon;BS12345;0415223648;053248125;Straat;6;/;3200;Aarschot;België;98.10.19-333.61;alister.adutwum.y1427@student.hogent.be;ouders.simon@telenet.be;1976;1;2;2007;1;21
BAUTERS;Steven;BS12345;0415223648;053248125;Straat;7;/;8700;Aarsele;België;98.10.19-333.61;alister.adutwum.y1427@student.hogent.be;ouders.steven@telenet.be;1986;10;12;2005;6;15
BEECKMANS;Maarten;BM12345;0415223648;053248125;Straat;8;/;8211;Aartrijke;België;98.10.19-333.61;alister.adutwum.y1427@student.hogent.be;ouders.maarten@telenet.be;1970;8;26;2010;8;11
BLANCQUAERT-CASSAER;Laurens;BL12345;0415223648;053248125;Straat;9;/;2630;Aartselaar;België;98.10.19-333.61;alister.adutwum.y1427@student.hogent.be;ouders.laurens@telenet.be;1987;7;22;2007;7;13
BOEL;Arno;BA12345;0415223648;053248125;Straat;10;/;4557;Abée;België;98.10.19-333.61;alister.adutwum.y1427@student.hogent.be;ouders.arno@telenet.be;1994;5;9;2007;1;25
BOLLON;Guylian;BG12345;0415223648;053248125;Straat;11;/;4280;Abolens;België;98.10.19-333.61;alister.adutwum.y1427@student.hogent.be;ouders.guylian@telenet.be;2007;8;28;2012;1;25
BONDROIT;Stef;BS12345;0415223648;053248125;Straat;12;/;3930;Achel;België;98.10.19-333.61;alister.adutwum.y1427@student.hogent.be;ouders.stef@telenet.be;2001;5;19;2014;9;8
BOONE;Robin;BR12345;0415223648;053248125;Straat;13;/;5590;Achêne;België;98.10.19-333.61;alister.adutwum.y1427@student.hogent.be;ouders.robin@telenet.be;1971;1;14;2011;10;5
BRACKE;Bob;BB12345;0415223648;053248125;Straat;14;/;5362;Achet;België;98.10.19-333.61;alister.adutwum.y1427@student.hogent.be;ouders.bob@telenet.be;1998;7;25;2014;10;12
BRYON;Thijs;BT12345;0415223648;053248125;Straat;15;/;4219;Acosse;België;98.10.19-333.61;alister.adutwum.y1427@student.hogent.be;ouders.thijs@telenet.be;1973;8;4;2015;12;15
CAMMERMAN;Nathan;CN12345;0415223648;053248125;Straat;16;/;6280;Acoz;België;98.10.19-333.61;alister.adutwum.y1427@student.hogent.be;ouders.nathan@telenet.be;2008;6;19;2013;6;21
CLAEYS;Joris;CJ12345;0415223648;053248125;Straat;17;/;9991;Adegem;België;98.10.19-333.61;alister.adutwum.y1427@student.hogent.be;ouders.joris@telenet.be;1980;8;22;2009;8;13
CLAEYSSENS;Rik;CR12345;0415223648;053248125;Straat;18;/;8660;Adinkerke;België;98.10.19-333.61;alister.adutwum.y1427@student.hogent.be;ouders.rik@telenet.be;1982;9;7;2006;1;18
CORNETTE;Femke;CF12345;0415223648;053248125;Straat;19;/;1790;Affligem;België;98.10.19-333.61;alister.adutwum.y1427@student.hogent.be;ouders.femke@telenet.be;1998;8;21;2011;12;3
COUCKE;Arthur;CA12345;0415223648;053248125;Straat;20;/;9051;Afsnee;België;98.10.19-333.61;alister.adutwum.y1427@student.hogent.be;ouders.arthur@telenet.be;2007;8;13;2010;1;16
COUDENYS;Robbe;CR12345;0415223648;053248125;Straat;21;/;5544;Agimont;België;98.10.19-333.61;alister.adutwum.y1427@student.hogent.be;ouders.robbe@telenet.be;1997;10;14;2016;9;9
CRUCKE;Jens;CJ12345;0415223648;053248125;Straat;22;/;4317;Aineffe;België;98.10.19-333.61;alister.adutwum.y1427@student.hogent.be;ouders.jens@telenet.be;2001;4;13;2010;2;17
DAYYEH;Helmi;DH12345;0415223648;053248125;Straat;23;/;5310;Aische-en-Refail;België;98.10.19-333.61;alister.adutwum.y1427@student.hogent.be;ouders.helmi@telenet.be;2006;3;5;2009;2;25
DE BACKER;Frederic;DF12345;0415223648;053248125;Straat;24;/;6250;Aiseau;België;98.10.19-333.61;alister.adutwum.y1427@student.hogent.be;ouders.frederic@telenet.be;1986;2;15;2009;4;18
DE BIE;Pieterjan;DP12345;0415223648;053248125;Straat;25;/;6250;Aiseau-Presles;België;98.10.19-333.61;alister.adutwum.y1427@student.hogent.be;ouders.pieterjan@telenet.be;1988;10;25;2015;2;21
DE BLANDER;Tijl;DT12345;0415223648;053248125;Straat;26;/;5070;Aisemont;België;98.10.19-333.61;alister.adutwum.y1427@student.hogent.be;ouders.tijl@telenet.be;1979;5;15;2010;12;1
DE BLEECKER;Bram;DB12345;0415223648;053248125;Straat;27;/;3570;Alken;België;98.10.19-333.61;alister.adutwum.y1427@student.hogent.be;ouders.bram@telenet.be;1993;8;21;2010;6;28
DE BRAEKELEER;Maxime;DM12345;0415223648;053248125;Straat;28;/;5550;Alle;België;98.10.19-333.61;alister.adutwum.y1427@student.hogent.be;ouders.maxime@telenet.be;1969;4;15;2006;8;11
DE BRUIJNE;Gautier;DG12345;0415223648;053248125;Straat;29;/;4432;Alleur;België;98.10.19-333.61;alister.adutwum.y1427@student.hogent.be;ouders.gautier@telenet.be;1996;6;18;2009;9;27
DE BRUYCKER;Johanna;DJ12345;0415223648;053248125;Straat;30;/;1652;Alsemberg;België;98.10.19-333.61;alister.adutwum.y1427@student.hogent.be;ouders.johanna@telenet.be;2010;12;4;2007;2;6
DE BRUYNE;Quinten;DQ12345;0415223648;053248125;Straat;31;/;8690;Alveringem;België;98.10.19-333.61;alister.adutwum.y1427@student.hogent.be;ouders.quinten@telenet.be;1980;12;3;2008;12;13
DE CLERCQ;Kimberly;DK12345;0415223648;053248125;Straat;32;/;4540;Amay;België;98.10.19-333.61;alister.adutwum.y1427@student.hogent.be;ouders.kimberly@telenet.be;2005;6;10;2008;8;16
DE COCK;Stefaan;DS12345;0415223648;053248125;Straat;33;/;6680;Amberloup;België;98.10.19-333.61;alister.adutwum.y1427@student.hogent.be;ouders.stefaan@telenet.be;1991;5;21;2007;3;20
DE CRAENE;Wannes;DW12345;0415223648;053248125;Straat;34;/;6953;Ambly;België;98.10.19-333.61;alister.adutwum.y1427@student.hogent.be;ouders.wannes@telenet.be;1976;4;3;2015;8;26
DE FREYNE;Ruben;DR12345;0415223648;053248125;Straat;35;/;4219;Ambresin;België;98.10.19-333.61;alister.adutwum.y1427@student.hogent.be;ouders.ruben@telenet.be;1983;2;11;2008;2;24
DE GRAEVE;Grietje;DG12345;0415223648;053248125;Straat;36;/;4770;Amel/Amblève;België;98.10.19-333.61;alister.adutwum.y1427@student.hogent.be;ouders.grietje@telenet.be;2008;3;10;2015;7;20
DE GROOTE;Jurgen;DJ12345;0415223648;053248125;Straat;37;/;6997;Amonines;België;98.10.19-333.61;alister.adutwum.y1427@student.hogent.be;ouders.jurgen@telenet.be;1996;3;9;2009;10;5
DE PAUW;Paulien;DP12345;0415223648;053248125;Straat;38;/;7750;Amougies;België;98.10.19-333.61;alister.adutwum.y1427@student.hogent.be;ouders.paulien@telenet.be;1973;6;12;2008;10;15
DE PUTTER;Rob;DR12345;0415223648;053248125;Straat;39;/;4540;Ampsin;België;98.10.19-333.61;alister.adutwum.y1427@student.hogent.be;ouders.rob@telenet.be;1984;3;5;2014;1;11
DE RIJCKE;Yordi;DY12345;0415223648;053248125;Straat;40;/;5300;Andenne;België;98.10.19-333.61;alister.adutwum.y1427@student.hogent.be;ouders.yordi@telenet.be;1975;9;1;2010;4;9
DE SCHRYVER;Werner;DW12345;0415223648;053248125;Straat;41;/;1070;Anderlecht;België;98.10.19-333.61;alister.adutwum.y1427@student.hogent.be;ouders.werner@telenet.be;1988;9;24;2013;9;17
DE SMET;Jasper;DJ12345;0415223648;053248125;Straat;42;/;6150;Anderlues;België;98.10.19-333.61;alister.adutwum.y1427@student.hogent.be;ouders.jasper@telenet.be;2002;2;21;2011;2;11
DE SMET;Jonah;DJ12345;0415223648;053248125;Straat;43;/;4821;Andrimont;België;98.10.19-333.61;alister.adutwum.y1427@student.hogent.be;ouders.jonah@telenet.be;1988;5;12;2008;5;5
DE TIER;Jordy;DJ12345;0415223648;053248125;Straat;44;/;4031;Angleur;België;98.10.19-333.61;alister.adutwum.y1427@student.hogent.be;ouders.jordy@telenet.be;2000;12;23;2013;11;12
DE TORCK;Boris;DB12345;0415223648;053248125;Straat;45;/;7387;Angre;België;98.10.19-333.61;alister.adutwum.y1427@student.hogent.be;ouders.boris@telenet.be;1999;9;12;2015;2;9
DE VRIESE;Olivier;DO12345;0415223648;053248125;Straat;46;/;7387;Angreau;België;98.10.19-333.61;alister.adutwum.y1427@student.hogent.be;ouders.olivier@telenet.be;1996;6;21;2005;5;12
DE VUYST;Luna;DL12345;0415223648;053248125;Straat;47;/;5537;Anhée;België;98.10.19-333.61;alister.adutwum.y1427@student.hogent.be;ouders.luna@telenet.be;1979;10;9;2015;3;22
DE VUYST;Sven;DS12345;0415223648;053248125;Straat;48;/;6721;Anlier;België;98.10.19-333.61;alister.adutwum.y1427@student.hogent.be;ouders.sven@telenet.be;1976;5;9;2015;9;21
DE WANDELEER;Sander;DS12345;0415223648;053248125;Straat;49;/;6890;Anloy;België;98.10.19-333.61;alister.adutwum.y1427@student.hogent.be;ouders.sander@telenet.be;2008;12;23;2009;8;13
DE WINNE;Yasmine;DY12345;0415223648;053248125;Straat;50;/;5537;Annevoie-Rouillon;België;98.10.19-333.61;alister.adutwum.y1427@student.hogent.be;ouders.yasmine@telenet.be;1969;9;10;2012;2;5
DECLERCQ;Emiel;DE12345;0415223648;053248125;Straat;51;/;4430;Ans;België;98.10.19-333.61;alister.adutwum.y1427@student.hogent.be;ouders.emiel@telenet.be;2010;3;15;2007;4;27
DECOCK;Pablo;DP12345;0415223648;053248125;Straat;52;/;5500;Anseremme;België;98.10.19-333.61;alister.adutwum.y1427@student.hogent.be;ouders.pablo@telenet.be;2006;10;18;2006;3;13
DECORTE;Robbe;DR12345;0415223648;053248125;Straat;53;/;7750;Anseroeul;België;98.10.19-333.61;alister.adutwum.y1427@student.hogent.be;ouders.robbe@telenet.be;1994;5;1;2010;5;7
DEKIEN;Robbe;DR12345;0415223648;053248125;Straat;54;/;5520;Anthée;België;98.10.19-333.61;alister.adutwum.y1427@student.hogent.be;ouders.robbe@telenet.be;1969;5;7;2007;5;23
DELPLANQUE;Nicolas;DN12345;0415223648;053248125;Straat;55;/;4520;Antheit;België;98.10.19-333.61;alister.adutwum.y1427@student.hogent.be;ouders.nicolas@telenet.be;1991;3;11;2010;9;2
DEPLOIGE;Bernard;DB12345;0415223648;053248125;Straat;56;/;4160;Anthisnes;België;98.10.19-333.61;alister.adutwum.y1427@student.hogent.be;ouders.bernard@telenet.be;1972;8;28;2014;3;11
DESCHACHT;Jarne;DJ12345;0415223648;053248125;Straat;57;/;7640;Antoing;België;98.10.19-333.61;alister.adutwum.y1427@student.hogent.be;ouders.jarne@telenet.be;1997;1;23;2012;1;21
DESIMPELE;Matthias;DM12345;0415223648;053248125;Straat;58;/;2000;Antwerpen;België;98.10.19-333.61;alister.adutwum.y1427@student.hogent.be;ouders.matthias@telenet.be;1979;11;3;2014;5;26
DESTOOP;Jelle;DJ12345;0415223648;053248125;Straat;59;/;2018;Antwerpen;België;98.10.19-333.61;alister.adutwum.y1427@student.hogent.be;ouders.jelle@telenet.be;1985;8;23;2008;7;24
DETEMMERMAN;Cedric;DC12345;0415223648;053248125;Straat;60;/;2020;Antwerpen;België;98.10.19-333.61;alister.adutwum.y1427@student.hogent.be;ouders.cedric@telenet.be;1976;7;27;2014;7;26
DEWACHTER;Jochen;DJ12345;0415223648;053248125;Straat;61;/;2030;Antwerpen;België;98.10.19-333.61;alister.adutwum.y1427@student.hogent.be;ouders.jochen@telenet.be;1969;4;15;2013;11;13
DEWILDE;Milan;DM12345;0415223648;053248125;Straat;62;/;2040;Antwerpen;België;98.10.19-333.61;alister.adutwum.y1427@student.hogent.be;ouders.milan@telenet.be;1979;4;9;2006;10;14
DEWITTE;Thibault;DT12345;0415223648;053248125;Straat;63;/;2050;Antwerpen;België;98.10.19-333.61;alister.adutwum.y1427@student.hogent.be;ouders.thibault@telenet.be;1969;6;25;2010;10;18
DHONDT;Cem;DC12345;0415223648;053248125;Straat;64;/;2060;Antwerpen;België;98.10.19-333.61;alister.adutwum.y1427@student.hogent.be;ouders.cem@telenet.be;1998;8;12;2008;8;19
DROESSAERT;Kevin;DK12345;0415223648;053248125;Straat;65;/;7910;Anvaing;België;98.10.19-333.61;alister.adutwum.y1427@student.hogent.be;ouders.kevin@telenet.be;2002;7;26;2016;2;13
DUWéE;Kato;DK12345;0415223648;053248125;Straat;66;/;8570;Anzegem;België;98.10.19-333.61;alister.adutwum.y1427@student.hogent.be;ouders.kato@telenet.be;1980;6;16;2010;11;2
ERGüNES;Burcu;EB12345;0415223648;053248125;Straat;67;/;9200;Appels;België;98.10.19-333.61;alister.adutwum.y1427@student.hogent.be;ouders.burcu@telenet.be;2008;12;14;2009;7;10
ERMENS;Katrien;EK12345;0415223648;053248125;Straat;68;/;9400;Appelterre-Eichem;België;98.10.19-333.61;alister.adutwum.y1427@student.hogent.be;ouders.katrien@telenet.be;1998;5;11;2012;1;9
FERETTE;Gaëthan;FG12345;0415223648;053248125;Straat;69;/;5170;Arbre ;België;98.10.19-333.61;alister.adutwum.y1427@student.hogent.be;ouders.gaëthan@telenet.be;1979;1;20;2014;10;19
FEVZIEV;Alihan;FA12345;0415223648;053248125;Straat;70;1;7811;Arbre ;België;98.10.19-333.61;alister.adutwum.y1427@student.hogent.be;ouders.alihan@telenet.be;2006;7;21;2009;3;11
FRANçOIS;Michiel;FM12345;0415223648;053248125;Straat;71;2;4990;Arbrefontaine;België;98.10.19-333.61;alister.adutwum.y1427@student.hogent.be;ouders.michiel@telenet.be;1991;1;7;2015;7;16
GELDOF;Tim;GT12345;0415223648;053248125;Straat;72;3;7910;Arc-Ainières;België;98.10.19-333.61;alister.adutwum.y1427@student.hogent.be;ouders.tim@telenet.be;1987;3;2;2014;12;3
GHEKIERE;Laurens;GL12345;0415223648;053248125;Straat;73;4;1390;Archennes;België;98.10.19-333.61;alister.adutwum.y1427@student.hogent.be;ouders.laurens@telenet.be;2006;10;8;2009;1;11
GOEDVRIEND;Bram;GB12345;0415223648;053248125;Straat;74;5;7910;Arc-Wattripont;België;98.10.19-333.61;alister.adutwum.y1427@student.hogent.be;ouders.bram@telenet.be;1982;1;22;2006;9;8
GOESSENS;Levi;GL12345;0415223648;053248125;Straat;75;6;8850;Ardooie;België;98.10.19-333.61;alister.adutwum.y1427@student.hogent.be;ouders.levi@telenet.be;1989;12;3;2010;2;16
GOESSEYE;Robin;GR12345;0415223648;053248125;Straat;76;7;2370;Arendonk;België;98.10.19-333.61;alister.adutwum.y1427@student.hogent.be;ouders.robin@telenet.be;1968;9;2;2010;4;24
GOUBERT;Brent;GB12345;0415223648;053248125;Straat;77;8;4601;Argenteau;België;98.10.19-333.61;alister.adutwum.y1427@student.hogent.be;ouders.brent@telenet.be;1988;8;15;2015;5;11
GOVAERT;Reeven;GR12345;0415223648;053248125;Straat;78;9;6700;Arlon;België;98.10.19-333.61;alister.adutwum.y1427@student.hogent.be;ouders.reeven@telenet.be;1988;2;24;2016;5;1
GRILLAERT;Ruben;GR12345;0415223648;053248125;Straat;79;10;7181;Arquennes;België;98.10.19-333.61;alister.adutwum.y1427@student.hogent.be;ouders.ruben@telenet.be;1971;4;4;2008;11;21
HARDEMAN;Mick;HM12345;0415223648;053248125;Straat;80;11;5060;Arsimont;België;98.10.19-333.61;alister.adutwum.y1427@student.hogent.be;ouders.mick@telenet.be;1996;1;20;2013;3;10
HENDRICKX;Willem;HW12345;0415223648;053248125;Straat;81;12;6870;Arville;België;98.10.19-333.61;alister.adutwum.y1427@student.hogent.be;ouders.willem@telenet.be;1972;9;8;2015;11;16
HEYVAERT;Rob;HR12345;0415223648;053248125;Straat;82;13;3665;As;België;98.10.19-333.61;alister.adutwum.y1427@student.hogent.be;ouders.rob@telenet.be;1997;4;9;2013;10;13
HOFMAN;Veerle;HV12345;0415223648;053248125;Straat;83;14;9404;Aspelare;België;98.10.19-333.61;alister.adutwum.y1427@student.hogent.be;ouders.veerle@telenet.be;1983;2;7;2006;8;14
HOREMANS;Nelson;HN12345;0415223648;053248125;Straat;84;15;9890;Asper;België;98.10.19-333.61;alister.adutwum.y1427@student.hogent.be;ouders.nelson@telenet.be;1985;4;21;2008;4;26
JACOBS;Piet;JP12345;0415223648;053248125;Straat;85;16;7040;Asquillies;België;98.10.19-333.61;alister.adutwum.y1427@student.hogent.be;ouders.piet@telenet.be;1981;8;27;2007;7;18
JANSSENS;Bavo;JB12345;0415223648;053248125;Straat;86;17;1730;Asse;België;98.10.19-333.61;alister.adutwum.y1427@student.hogent.be;ouders.bavo@telenet.be;1976;11;21;2013;4;8
JOLY;Manon;JM12345;0415223648;053248125;Straat;87;18;8310;Assebroek;België;98.10.19-333.61;alister.adutwum.y1427@student.hogent.be;ouders.manon@telenet.be;2001;5;22;2006;9;15
KERCKHOF;Edward;KE12345;0415223648;053248125;Straat;88;19;9960;Assenede;België;98.10.19-333.61;alister.adutwum.y1427@student.hogent.be;ouders.edward@telenet.be;1979;2;28;2007;6;6
KöSE;Mehmet;KM12345;0415223648;053248125;Straat;89;20;6860;Assenois;België;98.10.19-333.61;alister.adutwum.y1427@student.hogent.be;ouders.mehmet@telenet.be;2002;3;23;2013;5;23
KüçüKSOLAK;Berkant;KB12345;0415223648;053248125;Straat;90;21;3460;Assent;België;98.10.19-333.61;alister.adutwum.y1427@student.hogent.be;ouders.berkant@telenet.be;1992;11;22;2012;12;24
KUSTERS;Steve;KS12345;0415223648;053248125;Straat;91;22;5330;Assesse;België;98.10.19-333.61;alister.adutwum.y1427@student.hogent.be;ouders.steve@telenet.be;1997;8;20;2016;10;11
LANDUYT;Florian;LF12345;0415223648;053248125;Straat;92;23;9800;Astene;België;98.10.19-333.61;alister.adutwum.y1427@student.hogent.be;ouders.florian@telenet.be;1979;4;23;2013;2;26
LAPAGE;Willem;LW12345;0415223648;053248125;Straat;93;24;7800;Ath;België;98.10.19-333.61;alister.adutwum.y1427@student.hogent.be;ouders.willem@telenet.be;2009;5;21;2010;12;12
LIERMAN;Jakob;LJ12345;0415223648;053248125;Straat;94;25;7387;Athis;België;98.10.19-333.61;alister.adutwum.y1427@student.hogent.be;ouders.jakob@telenet.be;1977;5;10;2011;3;27
MALFLIET;Jef;MJ12345;0415223648;053248125;Straat;95;26;6791;Athus;België;98.10.19-333.61;alister.adutwum.y1427@student.hogent.be;ouders.jef@telenet.be;1995;8;19;2010;8;5
MARIëN;Marlies;MM12345;0415223648;053248125;Straat;96;27;3404;Attenhoven;België;98.10.19-333.61;alister.adutwum.y1427@student.hogent.be;ouders.marlies@telenet.be;1975;3;15;2015;5;7
MARIVOET;Lukas;ML12345;0415223648;053248125;Straat;97;28;3384;Attenrode;België;98.10.19-333.61;alister.adutwum.y1427@student.hogent.be;ouders.lukas@telenet.be;1975;9;28;2006;10;13
MARTENS;Tijs;MT12345;0415223648;053248125;Straat;98;29;6717;Attert;België;98.10.19-333.61;alister.adutwum.y1427@student.hogent.be;ouders.tijs@telenet.be;2001;4;18;2013;5;11
MELKEBEKE;Thomas;MT12345;0415223648;053248125;Straat;99;30;7941;Attre;België;98.10.19-333.61;alister.adutwum.y1427@student.hogent.be;ouders.thomas@telenet.be;1994;4;9;2012;8;23
MEREMANS;Santi;MS12345;0415223648;053248125;Straat;100;31;6790;Aubange;België;98.10.19-333.61;alister.adutwum.y1427@student.hogent.be;ouders.santi@telenet.be;1981;9;2;2013;3;28
MEYERS;Andries;MA12345;0415223648;053248125;Straat;101;32;7972;Aubechies;België;98.10.19-333.61;alister.adutwum.y1427@student.hogent.be;ouders.andries@telenet.be;2001;2;6;2010;6;1
MINJAUW;Joppe;MJ12345;0415223648;053248125;Straat;102;33;4880;Aubel;België;98.10.19-333.61;alister.adutwum.y1427@student.hogent.be;ouders.joppe@telenet.be;1986;9;22;2013;2;3
MOONS;Sebastiaan;MS12345;0415223648;053248125;Straat;103;34;5660;Aublain;België;98.10.19-333.61;alister.adutwum.y1427@student.hogent.be;ouders.sebastiaan@telenet.be;1995;7;15;2005;10;27
MOREELS;Ruben;MR12345;0415223648;053248125;Straat;104;35;6880;Auby-sur-Semois;België;98.10.19-333.61;alister.adutwum.y1427@student.hogent.be;ouders.ruben@telenet.be;1990;12;21;2005;8;26
NAUDTS;Jarni;NJ12345;0415223648;053248125;Straat;105;36;7382;Audregnies;België;98.10.19-333.61;alister.adutwum.y1427@student.hogent.be;ouders.jarni@telenet.be;1978;12;13;2012;11;20
NAZARI;Milad;NM12345;0415223648;053248125;Straat;106;37;7040;Aulnois;België;98.10.19-333.61;alister.adutwum.y1427@student.hogent.be;ouders.milad@telenet.be;1992;2;24;2013;11;27
OLIVIER;Yannick;OY12345;0415223648;053248125;Straat;107;38;6706;Autelbas;België;98.10.19-333.61;alister.adutwum.y1427@student.hogent.be;ouders.yannick@telenet.be;2010;8;5;2012;11;9
OPALFVENS;Bono;OB12345;0415223648;053248125;Straat;108;39;1367;Autre-Eglise;België;98.10.19-333.61;alister.adutwum.y1427@student.hogent.be;ouders.bono@telenet.be;1988;6;6;2006;4;14
OPHALVENS;Robin;OR12345;0415223648;053248125;Straat;109;40;7387;Autreppe;België;98.10.19-333.61;alister.adutwum.y1427@student.hogent.be;ouders.robin@telenet.be;2001;10;4;2006;9;9
OPSOMMER;Wouter;OW12345;0415223648;053248125;Straat;110;41;5060;Auvelais;België;98.10.19-333.61;alister.adutwum.y1427@student.hogent.be;ouders.wouter@telenet.be;2009;7;5;2009;12;20
OTTENBOURGS;Eva;OE12345;0415223648;053248125;Straat;111;42;5580;Ave-et-Auffe;België;98.10.19-333.61;alister.adutwum.y1427@student.hogent.be;ouders.eva@telenet.be;1975;11;17;2012;11;6
PAELINCK;Pieter;PP12345;0415223648;053248125;Straat;112;43;8630;Avekapelle;België;98.10.19-333.61;alister.adutwum.y1427@student.hogent.be;ouders.pieter@telenet.be;1992;7;27;2016;12;23
PEERLINCK;Robin;PR12345;0415223648;053248125;Straat;113;44;8580;Avelgem;België;98.10.19-333.61;alister.adutwum.y1427@student.hogent.be;ouders.robin@telenet.be;1975;4;25;2007;10;24
PERREMAN;Jordi;PJ12345;0415223648;053248125;Straat;114;45;4260;Avennes;België;98.10.19-333.61;alister.adutwum.y1427@student.hogent.be;ouders.jordi@telenet.be;1984;10;7;2010;8;7
PESSEMIER;Mout;PM12345;0415223648;053248125;Straat;115;46;3271;Averbode;België;98.10.19-333.61;alister.adutwum.y1427@student.hogent.be;ouders.mout@telenet.be;2009;8;15;2005;7;26
PLOVIE;Jonathan;PJ12345;0415223648;053248125;Straat;116;47;4280;Avernas-le-Bauduin;België;98.10.19-333.61;alister.adutwum.y1427@student.hogent.be;ouders.jonathan@telenet.be;1977;8;26;2016;11;4
PLUGGE;Miriam;PM12345;0415223648;053248125;Straat;117;48;4280;Avin;België;98.10.19-333.61;alister.adutwum.y1427@student.hogent.be;ouders.miriam@telenet.be;1999;9;1;2007;10;16
POLLET;Thomas;PT12345;0415223648;053248125;Straat;118;49;4340;Awans;België;98.10.19-333.61;alister.adutwum.y1427@student.hogent.be;ouders.thomas@telenet.be;1985;2;23;2013;4;28
PUIMèGE;Stef;PS12345;0415223648;053248125;Straat;119;50;6870;Awenne;België;98.10.19-333.61;alister.adutwum.y1427@student.hogent.be;ouders.stef@telenet.be;1969;7;27;2006;4;1
RABHIOUI;Ismael;RI12345;0415223648;053248125;Straat;120;51;4400;Awirs;België;98.10.19-333.61;alister.adutwum.y1427@student.hogent.be;ouders.ismael@telenet.be;1990;11;22;2013;10;25
REYSKENS;Erin;RE12345;0415223648;053248125;Straat;121;52;6900;Aye;België;98.10.19-333.61;alister.adutwum.y1427@student.hogent.be;ouders.erin@telenet.be;1997;10;5;2012;7;12
SAMYN;Yngvar;SY12345;0415223648;053248125;Straat;122;53;4630;Ayeneux;België;98.10.19-333.61;alister.adutwum.y1427@student.hogent.be;ouders.yngvar@telenet.be;1998;5;24;2015;6;19
SAVAT;Keelan;SK12345;0415223648;053248125;Straat;123;54;4920;Aywaille;België;98.10.19-333.61;alister.adutwum.y1427@student.hogent.be;ouders.keelan@telenet.be;1991;1;2;2015;12;14
SCHEIRLINCKX;Lowie;SL12345;0415223648;053248125;Straat;124;55;9890;Baaigem;België;98.10.19-333.61;alister.adutwum.y1427@student.hogent.be;ouders.lowie@telenet.be;2005;11;17;2010;9;21
SCHOOFS;Michiel;SM12345;0415223648;053248125;Straat;125;56;3128;Baal;België;98.10.19-333.61;alister.adutwum.y1427@student.hogent.be;ouders.michiel@telenet.be;2000;5;8;2011;4;17
SCHUDDINCK;Thomas;ST12345;0415223648;053248125;Straat;126;57;9310;Baardegem;België;98.10.19-333.61;alister.adutwum.y1427@student.hogent.be;ouders.thomas@telenet.be;1985;7;11;2012;6;13
SERGEANT;Wannes;SW12345;0415223648;053248125;Straat;127;58;2387;Baarle-Hertog;België;98.10.19-333.61;alister.adutwum.y1427@student.hogent.be;ouders.wannes@telenet.be;1979;8;11;2015;8;7
SERTKAYA;Abdullah;SA12345;0415223648;053248125;Straat;128;59;9200;Baasrode;België;98.10.19-333.61;alister.adutwum.y1427@student.hogent.be;ouders.abdullah@telenet.be;1980;10;26;2014;12;7
SERU;Sofie;SS12345;0415223648;053248125;Straat;129;60;9800;Bachte-Maria-Leerne;België;98.10.19-333.61;alister.adutwum.y1427@student.hogent.be;ouders.sofie@telenet.be;1977;8;6;2014;5;3
SOBERON;Chris;SC12345;0415223648;053248125;Straat;130;61;4837;Baelen ;België;98.10.19-333.61;alister.adutwum.y1427@student.hogent.be;ouders.chris@telenet.be;1995;6;26;2013;6;17
SOETINCK;Joachim;SJ12345;0415223648;053248125;Straat;131;62;5550;Bagimont;België;98.10.19-333.61;alister.adutwum.y1427@student.hogent.be;ouders.joachim@telenet.be;1971;10;8;2008;4;16
SPITAELS;Jonas;SJ12345;0415223648;053248125;Straat;132;63;6464;Baileux;België;98.10.19-333.61;alister.adutwum.y1427@student.hogent.be;ouders.jonas@telenet.be;2007;5;10;2012;4;10
STANDAERT;Victor;SV12345;0415223648;053248125;Straat;133;64;6460;Bailièvre;België;98.10.19-333.61;alister.adutwum.y1427@student.hogent.be;ouders.victor@telenet.be;1994;2;3;2005;12;5
STEEMAN;Lukas;SL12345;0415223648;053248125;Straat;134;65;5555;Baillamont;België;98.10.19-333.61;alister.adutwum.y1427@student.hogent.be;ouders.lukas@telenet.be;2001;8;24;2014;2;12
STEENHUYZEN;Dylano;SD12345;0415223648;053248125;Straat;135;66;7730;Bailleul;België;98.10.19-333.61;alister.adutwum.y1427@student.hogent.be;ouders.dylano@telenet.be;1987;8;20;2008;10;7
SZEKéR;Ruben;SR12345;0415223648;053248125;Straat;136;67;5377;Baillonville;België;98.10.19-333.61;alister.adutwum.y1427@student.hogent.be;ouders.ruben@telenet.be;1982;1;4;2016;3;23
TROCH;Olivier;TO12345;0415223648;053248125;Straat;137;68;7380;Baisieux;België;98.10.19-333.61;alister.adutwum.y1427@student.hogent.be;ouders.olivier@telenet.be;1991;11;24;2011;5;21
TRYPSTEEN;Johan;TJ12345;0415223648;053248125;Straat;138;69;1470;Baisy-Thy;België;98.10.19-333.61;alister.adutwum.y1427@student.hogent.be;ouders.johan@telenet.be;1977;5;27;2015;2;14
VAN AUDENRODE;Martine;VM12345;0415223648;053248125;Straat;139;70;5190;Balâtre;België;98.10.19-333.61;alister.adutwum.y1427@student.hogent.be;ouders.martine@telenet.be;1988;3;23;2008;7;28
VAN BELLE;Joachim;VJ12345;0415223648;053248125;Straat;140;71;9860;Balegem;België;98.10.19-333.61;alister.adutwum.y1427@student.hogent.be;ouders.joachim@telenet.be;1987;4;3;2006;1;14
VAN CANEGEM;Indy;VI12345;0415223648;053248125;Straat;141;72;2490;Balen;België;98.10.19-333.61;alister.adutwum.y1427@student.hogent.be;ouders.indy@telenet.be;2010;1;24;2012;1;22
VAN DAMME;Owen;VO12345;0415223648;053248125;Straat;142;73;9420;Bambrugge;België;98.10.19-333.61;alister.adutwum.y1427@student.hogent.be;ouders.owen@telenet.be;1983;11;22;2008;4;26
VAN DAMME;Dean;VD12345;0415223648;053248125;Straat;143;74;6951;Bande;België;98.10.19-333.61;alister.adutwum.y1427@student.hogent.be;ouders.dean@telenet.be;1982;3;27;2006;3;11
VAN DAMME;Cedric;VC12345;0415223648;053248125;Straat;144;75;6500;Barbençon;België;98.10.19-333.61;alister.adutwum.y1427@student.hogent.be;ouders.cedric@telenet.be;1986;3;1;2006;5;27
VAN DE CAPPELLE;Jari;VJ12345;0415223648;053248125;Straat;145;76;4671;Barchon;België;98.10.19-333.61;alister.adutwum.y1427@student.hogent.be;ouders.jari@telenet.be;1972;3;20;2006;12;4
VAN DE KEERE;Joachim;VJ12345;0415223648;053248125;Straat;146;77;5570;Baronville;België;98.10.19-333.61;alister.adutwum.y1427@student.hogent.be;ouders.joachim@telenet.be;1983;12;11;2006;4;20
VAN DE MOORTELE;Stijn;VS12345;0415223648;053248125;Straat;147;78;7534;Barry;België;98.10.19-333.61;alister.adutwum.y1427@student.hogent.be;ouders.stijn@telenet.be;2008;1;14;2012;10;18
VAN DE VELDE;Matthias;VM12345;0415223648;053248125;Straat;148;79;5370;Barvaux-Condroz;België;98.10.19-333.61;alister.adutwum.y1427@student.hogent.be;ouders.matthias@telenet.be;2003;4;27;2014;12;27
VAN DE VELDE;Shauni;VS12345;0415223648;053248125;Straat;149;80;6940;Barvaux-sur-Ourthe;België;98.10.19-333.61;alister.adutwum.y1427@student.hogent.be;ouders.shauni@telenet.be;1984;12;3;2006;2;17
VAN DE VELDE;Ruben;VR12345;0415223648;053248125;Straat;150;81;7971;Basècles;België;98.10.19-333.61;alister.adutwum.y1427@student.hogent.be;ouders.ruben@telenet.be;1984;3;25;2009;2;13
VAN DE WALLE;Robin;VR12345;0415223648;053248125;Straat;151;82;4520;Bas-Oha;België;98.10.19-333.61;alister.adutwum.y1427@student.hogent.be;ouders.robin@telenet.be;2004;4;1;2014;7;6
VAN DEN BROECK;Isaias;VI12345;0415223648;053248125;Straat;152;83;4983;Basse-Bodeux;België;98.10.19-333.61;alister.adutwum.y1427@student.hogent.be;ouders.isaias@telenet.be;1986;11;11;2006;11;7
VAN DEN HAUWE;Thomas;VT12345;0415223648;053248125;Straat;153;84;4690;Bassenge;België;98.10.19-333.61;alister.adutwum.y1427@student.hogent.be;ouders.thomas@telenet.be;1969;12;28;2007;2;2
VAN DER POTEN;Jordi;VJ12345;0415223648;053248125;Straat;154;85;9968;Bassevelde;België;98.10.19-333.61;alister.adutwum.y1427@student.hogent.be;ouders.jordi@telenet.be;1977;4;3;2016;8;19
VAN DER STAAK;Hans;VH12345;0415223648;053248125;Straat;155;86;7830;Bassilly;België;98.10.19-333.61;alister.adutwum.y1427@student.hogent.be;ouders.hans@telenet.be;1973;10;2;2015;10;8
VAN EECKHOUTTE;Bert;VB12345;0415223648;053248125;Straat;156;87;6600;Bastogne;België;98.10.19-333.61;alister.adutwum.y1427@student.hogent.be;ouders.bert@telenet.be;2000;3;15;2008;11;28
VAN HECKE;Tiel;VT12345;0415223648;053248125;Straat;157;88;7784;Bas-Warneton/Neerwaasten;België;98.10.19-333.61;alister.adutwum.y1427@student.hogent.be;ouders.tiel@telenet.be;1969;1;5;2010;8;28
VAN HECKE;Karel;VK12345;0415223648;053248125;Straat;158;89;3870;Batsheers;België;98.10.19-333.61;alister.adutwum.y1427@student.hogent.be;ouders.karel@telenet.be;1989;7;7;2006;12;3
VAN LIEFFERINGE;Jens;VJ12345;0415223648;053248125;Straat;159;90;4651;Battice;België;98.10.19-333.61;alister.adutwum.y1427@student.hogent.be;ouders.jens@telenet.be;1991;2;27;2007;11;20
VAN LOO;Lieven;VL12345;0415223648;053248125;Straat;160;91;7130;Battignies;België;98.10.19-333.61;alister.adutwum.y1427@student.hogent.be;ouders.lieven@telenet.be;1971;5;4;2014;6;7
VAN NIEUWENHOVE;Arno;VA12345;0415223648;053248125;Straat;161;92;7331;Baudour;België;98.10.19-333.61;alister.adutwum.y1427@student.hogent.be;ouders.arno@telenet.be;1981;2;18;2015;12;20
VAN RANST;Shawn;VS12345;0415223648;053248125;Straat;162;93;7870;Bauffe;België;98.10.19-333.61;alister.adutwum.y1427@student.hogent.be;ouders.shawn@telenet.be;2008;2;5;2007;4;12
VAN STEENBERGHE;Lotte;VL12345;0415223648;053248125;Straat;163;94;7604;Baugnies;België;98.10.19-333.61;alister.adutwum.y1427@student.hogent.be;ouders.lotte@telenet.be;1995;11;26;2015;5;26
VAN VOOREN;Daan;VD12345;0415223648;053248125;Straat;164;95;1401;Baulers;België;98.10.19-333.61;alister.adutwum.y1427@student.hogent.be;ouders.daan@telenet.be;1979;8;21;2016;12;23
VAN VOOREN;Niels;VN12345;0415223648;053248125;Straat;165;96;9520;Bavegem;België;98.10.19-333.61;alister.adutwum.y1427@student.hogent.be;ouders.niels@telenet.be;1998;3;21;2011;10;11
VAN WALLEGHEM;Maxim;VM12345;0415223648;053248125;Straat;166;97;8531;Bavikhove;België;98.10.19-333.61;alister.adutwum.y1427@student.hogent.be;ouders.maxim@telenet.be;2001;2;28;2006;8;24
VANDEGEHUCHTE;Jonas;VJ12345;0415223648;053248125;Straat;167;98;9150;Bazel;België;98.10.19-333.61;alister.adutwum.y1427@student.hogent.be;ouders.jonas@telenet.be;1973;3;8;2014;6;20
VANDENBERGHE;Lars;VL12345;0415223648;053248125;Straat;168;99;4052;Beaufays;België;98.10.19-333.61;alister.adutwum.y1427@student.hogent.be;ouders.lars@telenet.be;1977;12;9;2016;12;15
VANDENBRUWAENE;Sander;VS12345;0415223648;053248125;Straat;169;100;6500;Beaumont;België;98.10.19-333.61;alister.adutwum.y1427@student.hogent.be;ouders.sander@telenet.be;2006;12;14;2016;4;2
VANDENDOOREN;Yves;VY12345;0415223648;053248125;Straat;170;101;5570;Beauraing;België;98.10.19-333.61;alister.adutwum.y1427@student.hogent.be;ouders.yves@telenet.be;1978;1;24;2013;5;6
VANDERSTRAETEN;Tybo;VT12345;0415223648;053248125;Straat;171;102;6980;Beausaint;België;98.10.19-333.61;alister.adutwum.y1427@student.hogent.be;ouders.tybo@telenet.be;1969;9;5;2005;1;18
VANDEWYER;Vincent;VV12345;0415223648;053248125;Straat;172;103;1320;Beauvechain;België;98.10.19-333.61;alister.adutwum.y1427@student.hogent.be;ouders.vincent@telenet.be;1985;10;16;2005;6;16
VANHAVERBEKE;Simon;VS12345;0415223648;053248125;Straat;173;104;8630;Beauvoorde;België;98.10.19-333.61;alister.adutwum.y1427@student.hogent.be;ouders.simon@telenet.be;1975;12;21;2013;5;8
VANHERCKE;Tibo;VT12345;0415223648;053248125;Straat;174;105;6594;Beauwelz;België;98.10.19-333.61;alister.adutwum.y1427@student.hogent.be;ouders.tibo@telenet.be;1972;7;5;2005;4;27
VANHOVE;Jasper;VJ12345;0415223648;053248125;Straat;175;106;7532;Beclers;België;98.10.19-333.61;alister.adutwum.y1427@student.hogent.be;ouders.jasper@telenet.be;2007;2;9;2009;12;3
VANLUCHENE;Robin;VR12345;0415223648;053248125;Straat;176;107;3960;Beek;België;98.10.19-333.61;alister.adutwum.y1427@student.hogent.be;ouders.robin@telenet.be;1972;6;8;2016;9;3
VANMANSHOVEN;Fé;VF12345;0415223648;053248125;Straat;177;108;9630;Beerlegem;België;98.10.19-333.61;alister.adutwum.y1427@student.hogent.be;ouders.fé@telenet.be;1995;2;9;2015;7;7
VANOVERBEKE;Bram;VB12345;0415223648;053248125;Straat;178;109;8730;Beernem;België;98.10.19-333.61;alister.adutwum.y1427@student.hogent.be;ouders.bram@telenet.be;1985;5;9;2016;8;14
VANSTEYVOORT;Shauni;VS12345;0415223648;053248125;Straat;179;110;2340;Beerse;België;98.10.19-333.61;alister.adutwum.y1427@student.hogent.be;ouders.shauni@telenet.be;2001;2;18;2014;9;9
VELLE;Flor;VF12345;0415223648;053248125;Straat;180;111;1650;Beersel;België;98.10.19-333.61;alister.adutwum.y1427@student.hogent.be;ouders.flor@telenet.be;1981;11;4;2011;10;16
VERHELST;Daan;VD12345;0415223648;053248125;Straat;181;112;8600;Beerst;België;98.10.19-333.61;alister.adutwum.y1427@student.hogent.be;ouders.daan@telenet.be;1973;9;20;2012;12;6
VERLINDE;Stef;VS12345;0415223648;053248125;Straat;182;113;1673;Beert;België;98.10.19-333.61;alister.adutwum.y1427@student.hogent.be;ouders.stef@telenet.be;1977;4;20;2012;5;5
VERMEIREN;Julian;VJ12345;0415223648;053248125;Straat;183;114;9080;Beervelde;België;98.10.19-333.61;alister.adutwum.y1427@student.hogent.be;ouders.julian@telenet.be;1997;8;6;2013;2;13
VERMEULEN;Kelvin;VK12345;0415223648;053248125;Straat;184;115;2580;Beerzel;België;98.10.19-333.61;alister.adutwum.y1427@student.hogent.be;ouders.kelvin@telenet.be;1993;7;28;2006;10;28
VERMEULEN;Lucas;VL12345;0415223648;053248125;Straat;185;116;5000;Beez;België;98.10.19-333.61;alister.adutwum.y1427@student.hogent.be;ouders.lucas@telenet.be;1990;11;5;2015;10;5
VERMEULEN;Nante;VN12345;0415223648;053248125;Straat;186;117;6987;Beffe;België;98.10.19-333.61;alister.adutwum.y1427@student.hogent.be;ouders.nante@telenet.be;1981;3;1;2012;11;17
VERSCHAEVE;Bert;VB12345;0415223648;053248125;Straat;187;118;3130;Begijnendijk;België;98.10.19-333.61;alister.adutwum.y1427@student.hogent.be;ouders.bert@telenet.be;1979;10;27;2011;9;28
VERSTICHELEN;Ferre;VF12345;0415223648;053248125;Straat;188;119;6672;Beho;België;98.10.19-333.61;alister.adutwum.y1427@student.hogent.be;ouders.ferre@telenet.be;1994;2;15;2011;3;19
VERSTRAETEN;Renaud;VR12345;0415223648;053248125;Straat;189;120;1852;Beigem;België;98.10.19-333.61;alister.adutwum.y1427@student.hogent.be;ouders.renaud@telenet.be;2006;4;16;2006;8;26
WILLIAME;Timothy;WT12345;0415223648;053248125;Straat;190;121;8480;Bekegem;België;98.10.19-333.61;alister.adutwum.y1427@student.hogent.be;ouders.timothy@telenet.be;2003;1;1;2012;7;11
WOJTYLA;Sebastien;WS12345;0415223648;053248125;Straat;191;122;1730;Bekkerzeel;België;98.10.19-333.61;alister.adutwum.y1427@student.hogent.be;ouders.sebastien@telenet.be;1997;8;7;2015;4;14
WYFFELS;Waut;WW12345;0415223648;053248125;Straat;192;123;3460;Bekkevoort;België;98.10.19-333.61;alister.adutwum.y1427@student.hogent.be;ouders.waut@telenet.be;2004;2;28;2005;4;9
YSEBIE;Guust;YG12345;0415223648;053248125;Straat;193;124;5001;Belgrade;België;98.10.19-333.61;alister.adutwum.y1427@student.hogent.be;ouders.guust@telenet.be;1980;12;4;2014;9;19
